s_m,z_m
0.00,288.34
1.00,288.36
2.00,288.37
3.00,288.39
4.00,288.41
5.00,288.42
6.00,288.45
7.00,288.47
8.01,288.50
9.01,288.53
10.01,288.57
11.01,288.59
12.01,288.63
13.01,288.67
14.01,288.72
15.01,288.76
16.01,288.81
17.01,288.86
18.01,288.91
19.01,288.96
20.01,289.02
21.01,289.07
22.02,289.12
23.02,289.18
24.02,289.24
25.02,289.29
26.02,289.35
27.02,289.41
28.02,289.46
29.02,289.51
30.02,289.57
31.02,289.62
32.02,289.68
33.02,289.74
34.02,289.79
35.02,289.85
36.02,289.90
37.03,289.96
38.03,290.01
39.03,290.07
40.03,290.13
41.03,290.18
42.03,290.23
43.03,290.28
44.03,290.34
45.03,290.40
46.03,290.46
47.03,290.51
48.03,290.56
49.03,290.61
50.03,290.67
51.04,290.72
52.04,290.77
53.04,290.83
54.04,290.88
55.04,290.93
56.04,290.99
57.04,291.05
58.04,291.11
59.04,291.16
60.04,291.21
61.04,291.27
62.04,291.32
63.04,291.37
64.04,291.43
65.04,291.49
66.05,291.56
67.05,291.61
68.05,291.66
69.05,291.72
70.05,291.77
71.05,291.83
72.05,291.88
73.05,291.94
74.05,291.99
75.05,292.05
76.05,292.12
77.05,292.18
78.05,292.23
79.05,292.29
80.06,292.34
81.06,292.39
82.06,292.45
83.06,292.51
84.06,292.56
85.06,292.62
86.06,292.66
87.06,292.72
88.06,292.77
89.06,292.83
90.06,292.89
91.06,292.95
92.06,293.01
93.06,293.07
94.06,293.12
95.07,293.18
96.07,293.24
97.07,293.29
98.07,293.35
99.07,293.40
100.07,293.46
101.07,293.51
102.07,293.57
103.07,293.63
104.07,293.68
105.07,293.73
106.07,293.79
107.07,293.86
108.07,293.92
109.08,293.98
110.08,294.03
111.08,294.08
112.08,294.14
113.08,294.21
114.08,294.26
115.08,294.31
116.08,294.37
117.08,294.43
118.08,294.49
119.08,294.54
120.08,294.59
121.08,294.65
122.08,294.71
123.08,294.76
124.09,294.81
125.09,294.87
126.09,294.93
127.09,294.98
128.09,295.04
129.09,295.11
130.09,295.17
131.09,295.22
132.09,295.27
133.09,295.32
134.09,295.39
135.09,295.46
136.09,295.52
137.09,295.58
138.10,295.64
139.10,295.69
140.10,295.75
141.10,295.81
142.10,295.87
143.10,295.92
144.10,295.98
145.10,296.03
146.10,296.08
147.10,296.12
148.10,296.16
149.10,296.20
150.10,296.24
151.10,296.28
152.10,296.31
153.11,296.34
154.11,296.37
155.11,296.41
156.11,296.43
157.11,296.45
158.11,296.47
159.11,296.50
160.11,296.53
161.11,296.55
162.11,296.56
163.11,296.57
164.11,296.59
165.11,296.59
166.11,296.58
167.12,296.58
168.12,296.59
169.12,296.59
170.12,296.59
171.12,296.57
172.12,296.56
173.12,296.56
174.12,296.56
175.12,296.55
176.12,296.54
177.12,296.52
178.12,296.50
179.12,296.46
180.12,296.41
181.12,296.36
182.12,296.31
183.12,296.24
184.13,296.18
185.13,296.12
186.13,296.04
187.13,295.97
188.13,295.91
189.13,295.84
190.13,295.77
191.13,295.70
192.13,295.64
193.13,295.56
194.13,295.49
195.13,295.42
196.13,295.35
197.13,295.28
198.14,295.21
199.14,295.13
200.14,295.05
201.14,294.97
202.14,294.89
203.14,294.82
204.14,294.75
205.14,294.68
206.14,294.60
207.14,294.52
208.14,294.44
209.14,294.37
210.14,294.30
211.14,294.23
212.14,294.16
213.15,294.09
214.15,294.02
215.15,293.94
216.15,293.86
217.15,293.79
218.15,293.71
219.15,293.63
220.15,293.56
221.15,293.48
222.15,293.41
223.15,293.35
224.15,293.27
225.15,293.19
226.15,293.11
227.15,293.04
228.16,292.97
229.16,292.90
230.16,292.82
231.16,292.75
232.16,292.68
233.16,292.61
234.16,292.54
235.16,292.46
236.16,292.38
237.16,292.31
238.16,292.24
239.16,292.16
240.16,292.09
241.16,292.03
242.17,291.94
243.17,291.85
244.17,291.77
245.17,291.70
246.17,291.63
247.17,291.55
248.17,291.48
249.17,291.41
250.17,291.34
251.17,291.27
252.17,291.19
253.17,291.12
254.17,291.05
255.17,290.99
256.17,290.91
257.18,290.84
258.18,290.76
259.18,290.69
260.18,290.62
261.18,290.56
262.18,290.51
263.18,290.45
264.18,290.38
265.18,290.31
266.18,290.24
267.18,290.18
268.18,290.11
269.18,290.04
270.18,289.98
271.19,289.94
272.19,289.89
273.19,289.83
274.19,289.78
275.19,289.72
276.19,289.66
277.19,289.60
278.19,289.56
279.19,289.51
280.19,289.46
281.19,289.42
282.19,289.38
283.19,289.34
284.19,289.30
285.19,289.27
286.20,289.24
287.20,289.20
288.20,289.17
289.20,289.13
290.20,289.10
291.20,289.08
292.20,289.06
293.20,289.03
294.20,289.00
295.20,288.96
296.20,288.93
297.20,288.90
298.20,288.89
299.20,288.86
300.21,288.83
301.21,288.80
302.21,288.77
303.21,288.75
304.21,288.73
305.21,288.71
306.21,288.68
307.21,288.66
308.21,288.63
309.21,288.61
310.21,288.59
311.21,288.58
312.21,288.56
313.21,288.55
314.21,288.53
315.22,288.50
316.22,288.48
317.22,288.46
318.22,288.44
319.22,288.42
320.22,288.41
321.22,288.39
322.22,288.38
323.22,288.36
324.22,288.34
325.22,288.33
326.22,288.31
327.22,288.29
328.22,288.27
329.23,288.24
330.23,288.23
331.23,288.21
332.23,288.19
333.23,288.18
334.23,288.16
335.23,288.15
336.23,288.13
337.23,288.11
338.23,288.08
339.23,288.06
340.23,288.04
341.23,288.03
342.23,288.02
343.23,288.00
344.24,287.98
345.24,287.95
346.24,287.93
347.24,287.91
348.24,287.90
349.24,287.88
350.24,287.86
351.24,287.84
352.24,287.83
353.24,287.81
354.24,287.79
355.24,287.78
356.24,287.77
357.24,287.76
358.25,287.74
359.25,287.72
360.25,287.71
361.25,287.69
362.25,287.69
363.25,287.68
364.25,287.67
365.25,287.65
366.25,287.63
367.25,287.63
368.25,287.62
369.25,287.60
370.25,287.58
371.25,287.57
372.25,287.56
373.26,287.54
374.26,287.52
375.26,287.50
376.26,287.47
377.26,287.45
378.26,287.44
379.26,287.43
380.26,287.41
381.26,287.39
382.26,287.37
383.26,287.36
384.26,287.34
385.26,287.32
386.26,287.31
387.27,287.29
388.27,287.27
389.27,287.25
390.27,287.24
391.27,287.22
392.27,287.21
393.27,287.18
394.27,287.16
395.27,287.14
396.27,287.14
397.27,287.13
398.27,287.11
399.27,287.09
400.27,287.07
401.27,287.06
402.28,287.04
403.28,287.03
404.28,287.01
405.28,287.00
406.28,286.98
407.28,286.96
408.28,286.95
409.28,286.93
410.28,286.92
411.28,286.90
412.28,286.88
413.28,286.86
414.28,286.84
415.28,286.82
416.28,286.80
417.29,286.79
418.29,286.78
419.29,286.76
420.29,286.75
421.29,286.73
422.29,286.72
423.29,286.71
424.29,286.69
425.29,286.68
426.29,286.67
427.29,286.66
428.29,286.64
429.29,286.63
430.29,286.61
431.30,286.58
432.30,286.56
433.30,286.55
434.30,286.53
435.30,286.52
436.30,286.51
437.30,286.50
438.30,286.48
439.30,286.46
440.30,286.44
441.30,286.42
442.30,286.41
443.30,286.40
444.30,286.39
445.30,286.37
446.31,286.36
447.31,286.34
448.31,286.32
449.31,286.31
450.31,286.29
451.31,286.28
452.31,286.27
453.31,286.26
454.31,286.25
455.31,286.24
456.31,286.22
457.31,286.20
458.31,286.18
459.31,286.16
460.32,286.14
461.32,286.13
462.32,286.12
463.32,286.10
464.32,286.09
465.32,286.07
466.32,286.05
467.32,286.03
468.32,286.00
469.32,285.98
470.32,285.97
471.32,285.95
472.32,285.94
473.32,285.92
474.32,285.91
475.33,285.89
476.33,285.87
477.33,285.85
478.33,285.82
479.33,285.81
480.33,285.79
481.33,285.78
482.33,285.78
483.33,285.77
484.33,285.76
485.33,285.75
486.33,285.73
487.33,285.72
488.33,285.70
489.34,285.68
490.34,285.66
491.34,285.64
492.34,285.63
493.34,285.62
494.34,285.60
495.34,285.59
496.34,285.57
497.34,285.55
498.34,285.54
499.34,285.52
500.34,285.50
501.34,285.48
502.34,285.46
503.34,285.44
504.35,285.44
505.35,285.43
506.35,285.41
507.35,285.40
508.35,285.37
509.35,285.36
510.35,285.34
511.35,285.32
512.35,285.30
513.35,285.29
514.35,285.28
515.35,285.26
516.35,285.25
517.35,285.23
518.36,285.21
519.36,285.20
520.36,285.18
521.36,285.17
522.36,285.15
523.36,285.13
524.36,285.12
525.36,285.11
526.36,285.10
527.36,285.08
528.36,285.07
529.36,285.06
530.36,285.04
531.36,285.02
532.36,285.00
533.37,284.98
534.37,284.95
535.37,284.93
536.37,284.91
537.37,284.89
538.37,284.87
539.37,284.86
540.37,284.84
541.37,284.83
542.37,284.82
543.37,284.81
544.37,284.80
545.37,284.79
546.37,284.78
547.37,284.77
548.38,284.76
549.38,284.74
550.38,284.72
551.38,284.70
552.38,284.69
553.38,284.68
554.38,284.67
555.38,284.65
556.38,284.64
557.38,284.62
558.38,284.62
559.38,284.62
560.38,284.61
561.38,284.61
562.38,284.59
563.39,284.58
564.39,284.57
565.39,284.56
566.39,284.56
567.39,284.55
568.39,284.54
569.39,284.54
570.39,284.53
571.39,284.53
572.39,284.52
573.39,284.51
574.39,284.50
575.39,284.48
576.39,284.47
577.40,284.45
578.40,284.44
579.40,284.41
580.40,284.40
581.40,284.39
582.40,284.37
583.40,284.35
584.40,284.33
585.40,284.31
586.40,284.29
587.40,284.27
588.40,284.26
589.40,284.25
590.40,284.24
591.40,284.22
592.41,284.20
593.41,284.17
594.41,284.15
595.41,284.13
596.41,284.12
597.41,284.11
598.41,284.08
599.41,284.06
600.41,284.03
601.41,284.01
602.41,284.01
603.41,284.01
604.41,283.99
605.41,283.96
606.41,283.94
607.42,283.93
608.42,283.92
609.42,283.91
610.42,283.90
611.42,283.89
612.42,283.87
613.42,283.86
614.42,283.85
615.42,283.84
616.42,283.83
617.42,283.82
618.42,283.80
619.42,283.78
620.42,283.78
621.43,283.77
622.43,283.75
623.43,283.74
624.43,283.73
625.43,283.72
626.43,283.71
627.43,283.70
628.43,283.68
629.43,283.66
630.43,283.64
631.43,283.62
632.43,283.61
633.43,283.60
634.43,283.57
635.43,283.55
636.44,283.54
637.44,283.53
638.44,283.53
639.44,283.51
640.44,283.49
641.44,283.48
642.44,283.47
643.44,283.45
644.44,283.41
645.44,283.40
646.44,283.39
647.44,283.38
648.44,283.37
649.44,283.35
650.45,283.33
651.45,283.30
652.45,283.26
653.45,283.23
654.45,283.22
655.45,283.20
656.45,283.18
657.45,283.15
658.45,283.11
659.45,283.08
660.45,283.07
661.45,283.03
662.45,282.99
663.45,282.95
664.45,282.93
665.46,282.91
666.46,282.89
667.46,282.86
668.46,282.83
669.46,282.80
670.46,282.77
671.46,282.74
672.46,282.70
673.46,282.67
674.46,282.64
675.46,282.60
676.46,282.56
677.46,282.53
678.46,282.49
679.47,282.44
680.47,282.40
681.47,282.36
682.47,282.31
683.47,282.27
684.47,282.23
685.47,282.19
686.47,282.15
687.47,282.09
688.47,282.04
689.47,281.98
690.47,281.94
691.47,281.90
692.47,281.86
693.47,281.82
694.48,281.78
695.48,281.73
696.48,281.68
697.48,281.65
698.48,281.61
699.48,281.56
700.48,281.51
701.48,281.47
702.48,281.44
703.48,281.40
704.48,281.37
705.48,281.33
706.48,281.30
707.48,281.26
708.48,281.22
709.49,281.19
710.49,281.15
711.49,281.11
712.49,281.07
713.49,281.05
714.49,281.02
715.49,280.98
716.49,280.94
717.49,280.90
718.49,280.86
719.49,280.83
720.49,280.79
721.49,280.76
722.49,280.72
723.50,280.69
724.50,280.65
725.50,280.61
726.50,280.57
727.50,280.54
728.50,280.52
729.50,280.48
730.50,280.46
731.50,280.43
732.50,280.39
733.50,280.35
734.50,280.33
735.50,280.29
736.50,280.25
737.50,280.21
738.51,280.18
739.51,280.15
740.51,280.11
741.51,280.09
742.51,280.06
743.51,280.02
744.51,279.99
745.51,279.95
746.51,279.92
747.51,279.89
748.51,279.86
749.51,279.82
750.51,279.78
751.51,279.75
752.52,279.72
753.52,279.69
754.52,279.65
755.52,279.61
756.52,279.58
757.52,279.56
758.52,279.53
759.52,279.49
760.52,279.46
761.52,279.43
762.52,279.40
763.52,279.38
764.52,279.35
765.52,279.32
766.52,279.28
767.53,279.24
768.53,279.21
769.53,279.18
770.53,279.16
771.53,279.14
772.53,279.11
773.53,279.08
774.53,279.06
775.53,279.03
776.53,279.01
777.53,278.99
778.53,278.96
779.53,278.93
780.53,278.90
781.54,278.87
782.54,278.85
783.54,278.83
784.54,278.81
785.54,278.80
786.54,278.78
787.54,278.75
788.54,278.73
789.54,278.71
790.54,278.69
791.54,278.66
792.54,278.64
793.54,278.61
794.54,278.59
795.54,278.56
796.55,278.54
797.55,278.51
798.55,278.48
799.55,278.44
800.55,278.42
801.55,278.39
802.55,278.36
803.55,278.33
804.55,278.31
805.55,278.28
806.55,278.25
807.55,278.23
808.55,278.20
809.55,278.18
810.56,278.15
811.56,278.12
812.56,278.09
813.56,278.07
814.56,278.05
815.56,278.03
816.56,278.00
817.56,277.98
818.56,277.95
819.56,277.91
820.56,277.89
821.56,277.86
822.56,277.82
823.56,277.79
824.56,277.76
825.57,277.73
826.57,277.69
827.57,277.65
828.57,277.62
829.57,277.58
830.57,277.54
831.57,277.52
832.57,277.49
833.57,277.45
834.57,277.42
835.57,277.38
836.57,277.34
837.57,277.31
838.57,277.29
839.57,277.26
840.58,277.24
841.58,277.20
842.58,277.17
843.58,277.15
844.58,277.14
845.58,277.13
846.58,277.12
847.58,277.11
848.58,277.11
849.58,277.10
850.58,277.10
851.58,277.10
852.58,277.11
853.58,277.11
854.58,277.12
855.59,277.14
856.59,277.16
857.59,277.18
858.59,277.20
859.59,277.22
860.59,277.25
861.59,277.28
862.59,277.31
863.59,277.33
864.59,277.35
865.59,277.38
866.59,277.40
867.59,277.43
868.59,277.46
869.59,277.49
870.60,277.52
871.60,277.54
872.60,277.58
873.60,277.62
874.60,277.65
875.60,277.68
876.60,277.71
877.60,277.74
878.60,277.77
879.60,277.79
880.60,277.82
881.60,277.85
882.60,277.87
883.60,277.89
884.60,277.92
885.61,277.94
886.61,277.97
887.61,278.00
888.61,278.03
889.61,278.06
890.61,278.10
891.61,278.13
892.61,278.16
893.61,278.19
894.61,278.22
895.61,278.23
896.61,278.26
897.61,278.28
898.61,278.32
899.62,278.35
900.62,278.39
901.62,278.42
902.62,278.45
903.62,278.48
904.62,278.51
905.62,278.54
906.62,278.58
907.62,278.61
908.62,278.63
909.62,278.65
910.62,278.68
911.62,278.72
912.62,278.75
913.62,278.78
914.63,278.80
915.63,278.83
916.63,278.87
917.63,278.90
918.63,278.93
919.63,278.96
920.63,279.00
921.63,279.02
922.63,279.05
923.63,279.08
924.63,279.11
925.63,279.14
926.63,279.18
927.63,279.21
928.64,279.23
929.64,279.27
930.64,279.31
931.64,279.36
932.64,279.40
933.64,279.45
934.64,279.48
935.64,279.53
936.64,279.57
937.64,279.62
938.64,279.67
939.64,279.70
940.64,279.73
941.64,279.78
942.64,279.84
943.64,279.90
944.65,279.96
945.65,280.01
946.65,280.07
947.65,280.13
948.65,280.18
949.65,280.23
950.65,280.29
951.65,280.36
952.65,280.43
953.65,280.49
954.65,280.55
955.65,280.62
956.65,280.69
957.65,280.76
958.65,280.84
959.66,280.90
960.66,280.97
961.66,281.05
962.66,281.12
963.66,281.19
964.66,281.27
965.66,281.35
966.66,281.43
967.66,281.51
968.66,281.58
969.66,281.65
970.66,281.72
971.66,281.80
972.66,281.87
973.66,281.94
974.67,282.01
975.67,282.08
976.67,282.17
977.67,282.24
978.67,282.31
979.67,282.39
980.67,282.47
981.67,282.54
982.67,282.62
983.67,282.70
984.67,282.78
985.67,282.85
986.67,282.93
987.67,283.02
988.68,283.09
989.68,283.17
990.68,283.24
991.68,283.32
992.68,283.40
993.68,283.47
994.68,283.55
995.68,283.63
996.68,283.70
997.68,283.78
998.68,283.86
999.68,283.93
1000.68,284.01
1001.68,284.09
1002.69,284.17
1003.69,284.24
1004.69,284.31
1005.69,284.39
1006.69,284.48
1007.69,284.55
1008.69,284.63
1009.69,284.71
1010.69,284.78
1011.69,284.85
1012.69,284.92
1013.69,285.00
1014.69,285.07
1015.69,285.15
1016.69,285.21
1017.70,285.29
1018.70,285.37
1019.70,285.44
1020.70,285.51
1021.70,285.57
1022.70,285.64
1023.70,285.72
1024.70,285.79
1025.70,285.86
1026.70,285.93
1027.70,286.00
1028.70,286.06
1029.70,286.13
1030.70,286.19
1031.71,286.26
1032.71,286.35
1033.71,286.43
1034.71,286.52
1035.71,286.60
1036.71,286.68
1037.71,286.75
1038.71,286.83
1039.71,286.91
1040.71,286.98
1041.71,287.05
1042.71,287.13
1043.71,287.21
1044.71,287.28
1045.71,287.36
1046.72,287.44
1047.72,287.52
1048.72,287.59
1049.72,287.66
1050.72,287.74
1051.72,287.81
1052.72,287.88
1053.72,287.95
1054.72,288.01
1055.72,288.08
1056.72,288.14
1057.72,288.21
1058.72,288.28
1059.72,288.34
1060.73,288.41
1061.73,288.48
1062.73,288.55
1063.73,288.63
1064.73,288.69
1065.73,288.76
1066.73,288.82
1067.73,288.89
1068.73,288.95
1069.73,289.02
1070.73,289.08
1071.73,289.14
1072.73,289.20
1073.73,289.27
1074.73,289.33
1075.74,289.40
1076.74,289.46
1077.74,289.52
1078.74,289.58
1079.74,289.64
1080.74,289.69
1081.74,289.74
1082.74,289.79
1083.74,289.85
1084.74,289.91
1085.74,289.96
1086.74,290.02
1087.74,290.07
1088.74,290.12
1089.75,290.18
1090.75,290.25
1091.75,290.30
1092.75,290.34
1093.75,290.39
1094.75,290.43
1095.75,290.48
1096.75,290.52
1097.75,290.57
1098.75,290.62
1099.75,290.67
1100.75,290.72
1101.75,290.76
1102.75,290.82
1103.75,290.87
1104.76,290.92
1105.76,290.96
1106.76,291.02
1107.76,291.06
1108.76,291.11
1109.76,291.15
1110.76,291.19
1111.76,291.23
1112.76,291.28
1113.76,291.32
1114.76,291.37
1115.76,291.41
1116.76,291.45
1117.76,291.51
1118.77,291.56
1119.77,291.59
1120.77,291.63
1121.77,291.66
1122.77,291.71
1123.77,291.76
1124.77,291.82
1125.77,291.85
1126.77,291.86
1127.77,291.89
1128.77,291.94
1129.77,291.98
1130.77,292.01
1131.77,292.05
1132.77,292.08
1133.78,292.12
1134.78,292.15
1135.78,292.18
1136.78,292.21
1137.78,292.26
1138.78,292.29
1139.78,292.32
1140.78,292.36
1141.78,292.39
1142.78,292.43
1143.78,292.46
1144.78,292.49
1145.78,292.53
1146.78,292.56
1147.79,292.58
1148.79,292.61
1149.79,292.63
1150.79,292.66
1151.79,292.68
1152.79,292.71
1153.79,292.74
1154.79,292.77
1155.79,292.79
1156.79,292.81
1157.79,292.84
1158.79,292.86
1159.79,292.88
1160.79,292.91
1161.79,292.94
1162.80,292.95
1163.80,292.97
1164.80,292.99
1165.80,293.03
1166.80,293.04
1167.80,293.06
1168.80,293.09
1169.80,293.11
1170.80,293.14
1171.80,293.16
1172.80,293.19
1173.80,293.23
1174.80,293.25
1175.80,293.27
1176.81,293.29
1177.81,293.31
1178.81,293.34
1179.81,293.35
1180.81,293.37
1181.81,293.39
1182.81,293.41
1183.81,293.42
1184.81,293.43
1185.81,293.45
1186.81,293.47
1187.81,293.48
1188.81,293.50
1189.81,293.52
1190.81,293.53
1191.82,293.54
1192.82,293.56
1193.82,293.57
1194.82,293.58
1195.82,293.59
1196.82,293.60
1197.82,293.61
1198.82,293.62
1199.82,293.64
1200.82,293.65
1201.82,293.66
1202.82,293.67
1203.82,293.68
1204.82,293.69
1205.83,293.70
1206.83,293.72
1207.83,293.73
1208.83,293.74
1209.83,293.75
1210.83,293.76
1211.83,293.77
1212.83,293.77
1213.83,293.78
1214.83,293.79
1215.83,293.81
1216.83,293.83
1217.83,293.84
1218.83,293.85
1219.83,293.86
1220.84,293.88
1221.84,293.89
1222.84,293.91
1223.84,293.92
1224.84,293.93
1225.84,293.94
1226.84,293.96
1227.84,293.97
1228.84,293.98
1229.84,293.99
1230.84,294.01
1231.84,294.02
1232.84,294.03
1233.84,294.05
1234.85,294.07
1235.85,294.08
1236.85,294.08
1237.85,294.09
1238.85,294.11
1239.85,294.12
1240.85,294.14
1241.85,294.16
1242.85,294.17
1243.85,294.18
1244.85,294.20
1245.85,294.22
1246.85,294.23
1247.85,294.25
1248.85,294.27
1249.86,294.29
1250.86,294.31
1251.86,294.32
1252.86,294.34
1253.86,294.36
1254.86,294.38
1255.86,294.40
1256.86,294.42
1257.86,294.43
1258.86,294.45
1259.86,294.46
1260.86,294.47
1261.86,294.49
1262.86,294.50
1263.87,294.52
1264.87,294.54
1265.87,294.56
1266.87,294.57
1267.87,294.59
1268.87,294.61
1269.87,294.62
1270.87,294.64
1271.87,294.66
1272.87,294.68
1273.87,294.70
1274.87,294.71
1275.87,294.73
1276.87,294.74
1277.88,294.76
1278.88,294.78
1279.88,294.80
1280.88,294.81
1281.88,294.83
1282.88,294.85
1283.88,294.87
1284.88,294.89
1285.88,294.91
1286.88,294.92
1287.88,294.94
1288.88,294.96
1289.88,294.97
1290.88,294.99
1291.88,295.01
1292.89,295.03
1293.89,295.04
1294.89,295.07
1295.89,295.09
1296.89,295.11
1297.89,295.12
1298.89,295.14
1299.89,295.16
1300.89,295.18
1301.89,295.19
1302.89,295.20
1303.89,295.21
1304.89,295.23
1305.89,295.24
1306.90,295.25
1307.90,295.27
1308.90,295.28
1309.90,295.29
1310.90,295.31
1311.90,295.32
1312.90,295.34
1313.90,295.35
1314.90,295.37
1315.90,295.38
1316.90,295.39
1317.90,295.41
1318.90,295.45
1319.90,295.46
1320.90,295.46
1321.91,295.46
1322.91,295.47
1323.91,295.49
1324.91,295.50
1325.91,295.52
1326.91,295.54
1327.91,295.55
1328.91,295.57
1329.91,295.60
1330.91,295.61
1331.91,295.64
1332.91,295.65
1333.91,295.67
1334.91,295.69
1335.92,295.72
1336.92,295.73
1337.92,295.75
1338.92,295.77
1339.92,295.79
1340.92,295.80
1341.92,295.81
1342.92,295.83
1343.92,295.85
1344.92,295.86
1345.92,295.87
1346.92,295.88
1347.92,295.89
1348.92,295.90
1349.92,295.91
1350.93,295.93
1351.93,295.95
1352.93,295.96
1353.93,295.98
1354.93,296.00
1355.93,296.01
1356.93,296.02
1357.93,296.03
1358.93,296.04
1359.93,296.05
1360.93,296.07
1361.93,296.08
1362.93,296.09
1363.93,296.11
1364.94,296.12
1365.94,296.12
1366.94,296.13
1367.94,296.14
1368.94,296.14
1369.94,296.14
1370.94,296.14
1371.94,296.14
1372.94,296.13
1373.94,296.12
1374.94,296.11
